zone,r_squared,p_value
Zone I,0.5000402794699135,6.047646688582448e-6
Zone II,0.13462899457171193,0.038857355982239286
Zone III,0.16453212837381337,0.021262761209360572
